filename,Gloss
6226423609043785-ALCOHOL.mp4,ALCOHOL
37503275677602077-ALCOHOL.mp4,ALCOHOL
4309845563720489-ALCOHOL.mp4,ALCOHOL
6663722432029446-ALCOHOL.mp4,ALCOHOL
30532600608560156-ALCOHOL.mp4,ALCOHOL
1645745397251861-ALCOHOL.mp4,ALCOHOL
3152878872786271-ALCOHOL.mp4,ALCOHOL
10706631058225735-ALCOHOL.mp4,ALCOHOL
06698140948585851-ALCOHOL.mp4,ALCOHOL
2690748162952963-ALCOHOL.mp4,ALCOHOL
061750911557350685-ALCOHOL.mp4,ALCOHOL
6509580933999835-ALCOHOL.mp4,ALCOHOL
9491357358891801-ALCOHOL.mp4,ALCOHOL
8603619700998186-seedALCOHOL.mp4,ALCOHOL
539088949241769-BACK.mp4,BACK
36922218250666106-BACK.mp4,BACK
6962599280659476-BACK.mp4,BACK
8163051183943075-BACK.mp4,BACK
14535218650484594-BACK.mp4,BACK
9454194326745748-BACK.mp4,BACK
5410701077710229-BACK.mp4,BACK
41448646806758704-BACK.mp4,BACK
038774598253954684-BACK.mp4,BACK
9257789020616767-BACK.mp4,BACK
8460960041709475-BACK.mp4,BACK
6865019153776013-BACK.mp4,BACK
9759361547236995-BACK.mp4,BACK
6183067261298174-BACK.mp4,BACK
6684065707699174-BACK.mp4,BACK
07598746238490839-seedBACK.mp4,BACK
3249742604027148-BLOOD.mp4,BLOOD
04104127400292379-BLOOD.mp4,BLOOD
025713906446628743-BLOOD.mp4,BLOOD
06659727414114647-BLOOD.mp4,BLOOD
02863010772673369-BLOOD.mp4,BLOOD
12707382264347866-BLOOD.mp4,BLOOD
6086858295901769-BLOOD.mp4,BLOOD
7645850080590522-BLOOD.mp4,BLOOD
6613535009891718-BLOOD.mp4,BLOOD
19263216946066208-BLOOD.mp4,BLOOD
18891428051470993-BLOOD.mp4,BLOOD
8285126867380235-BLOOD.mp4,BLOOD
24961648235193645-BLOOD.mp4,BLOOD
6517800744244395-seedBLOOD.mp4,BLOOD
41245312386920996-BURN 1.mp4,BURN
8802496466703069-BURN 1.mp4,BURN
395425828551939-BURN 1.mp4,BURN
6934319524950348-BURN 1.mp4,BURN
9455684421013193-BURN 1.mp4,BURN
9755337544308798-BURN 1.mp4,BURN
24453503716700253-BURN 1.mp4,BURN
0268590993282658-BURN 1.mp4,BURN
09813755190090645-BURN 1.mp4,BURN
9042313665932824-BURN 1.mp4,BURN
5821596819095434-BURN 1.mp4,BURN
3598222214306135-BURN 1.mp4,BURN
5712649783747401-BURN 1.mp4,BURN
0545540919165568-BURN 1.mp4,BURN
3807764184360398-seedBURN 1.mp4,BURN
5412431404810503-COCAINE.mp4,COCAINE
48163228425300186-COCAINE.mp4,COCAINE
7360270132278119-COCAINE.mp4,COCAINE
2198073496236459-COCAINE.mp4,COCAINE
10006566326473543-COCAINE.mp4,COCAINE
729450859349217-COCAINE.mp4,COCAINE
6228543871142622-COCAINE.mp4,COCAINE
238640910300711-COCAINE.mp4,COCAINE
974314772556-COCAINE.mp4,COCAINE
7066060502920573-COCAINE.mp4,COCAINE
27968034526565044-COCAINE.mp4,COCAINE
8771685364164121-COCAINE.mp4,COCAINE
7041649991761532-COCAINE.mp4,COCAINE
47469720851700825-COCAINE.mp4,COCAINE
2680089247113313-COCAINE.mp4,COCAINE
9137307837865527-seedCOCAINE.mp4,COCAINE
6776054154751192-CUT 1.mp4,CUT
9605752241811483-CUT 1.mp4,CUT
04381810508509121-CUT 1.mp4,CUT
21722054975423033-CUT 1.mp4,CUT
11796615994529458-CUT 1.mp4,CUT
2095724778708976-CUT 1.mp4,CUT
04860156292825768-CUT 1.mp4,CUT
6340529581871053-CUT 1.mp4,CUT
2608922694900422-CUT 1.mp4,CUT
07645472579613366-CUT 1.mp4,CUT
48573729120857245-CUT 1.mp4,CUT
8294694415938604-CUT 1.mp4,CUT
7882885514418305-CUT 1.mp4,CUT
7680593510113265-CUT 1.mp4,CUT
5464304112205989-CUT 1.mp4,CUT
5914930325887857-seedCUT 1.mp4,CUT
3406922953756002-DRUG.mp4,DRUG
12228127495959296-DRUG.mp4,DRUG
4769011083714034-DRUG.mp4,DRUG
17216196640308334-DRUG.mp4,DRUG
44884365892085865-DRUG.mp4,DRUG
06416106602972027-DRUG.mp4,DRUG
401108130163361-DRUG.mp4,DRUG
8798347617281868-DRUG.mp4,DRUG
40672218280770567-DRUG.mp4,DRUG
19015467641506412-DRUG.mp4,DRUG
8867592612057744-DRUG.mp4,DRUG
2999621982726022-DRUG.mp4,DRUG
5470490282124534-DRUG.mp4,DRUG
2791460779361339-DRUG.mp4,DRUG
6399767307382735-seedDRUG.mp4,DRUG
393295857925948-EAR.mp4,EAR
8332413026628822-EAR.mp4,EAR
015143605161060059-EAR.mp4,EAR
22124278737999714-EAR.mp4,EAR
4886596064274962-EAR.mp4,EAR
24470512221089535-EAR.mp4,EAR
4402580501014326-EAR.mp4,EAR
6904017055031177-EAR.mp4,EAR
3550234595479076-EAR.mp4,EAR
9043673723315442-EAR.mp4,EAR
8672274027954561-EAR.mp4,EAR
23747369865179402-EAR.mp4,EAR
9689943177012852-EAR.mp4,EAR
06251353179823571-EAR.mp4,EAR
8789814378451983-EAR.mp4,EAR
1856278575298309-seedEAR.mp4,EAR
7364724475858522-EYES.mp4,EYES
015907943367508448-EYES.mp4,EYES
32332228660933526-EYES.mp4,EYES
23137361727286043-EYES.mp4,EYES
5370606838669136-EYES.mp4,EYES
7915772963155006-EYES.mp4,EYES
9263181285873419-EYES.mp4,EYES
024859836566530236-EYES.mp4,EYES
31593048576495075-EYES.mp4,EYES
06163237568266666-EYES.mp4,EYES
0259965808147955-EYES.mp4,EYES
9784462808238372-EYES.mp4,EYES
5262600936263233-EYES.mp4,EYES
09936405951023719-EYES.mp4,EYES
2960811103126946-EYES.mp4,EYES
1710485018536383-seedEYES.mp4,EYES
6904871228501732-FAINT.mp4,FAINT
9416373657243235-FAINT.mp4,FAINT
4224457405415931-FAINT.mp4,FAINT
811396261446274-FAINT.mp4,FAINT
012288671202909995-FAINT.mp4,FAINT
08943176805099551-FAINT.mp4,FAINT
511153550656636-FAINT.mp4,FAINT
5768075163073028-FAINT.mp4,FAINT
8782122816819586-FAINT.mp4,FAINT
23540498858114844-FAINT.mp4,FAINT
24964200963201266-FAINT.mp4,FAINT
7920182083730125-FAINT.mp4,FAINT
7710496729230714-seedFAINT.mp4,FAINT
3017633228385066-FINGER.mp4,FINGER
6325675928394079-FINGER.mp4,FINGER
9328368891488181-FINGER.mp4,FINGER
4740066894367059-FINGER.mp4,FINGER
9626179528662269-FINGER.mp4,FINGER
06889282709145239-FINGER.mp4,FINGER
30123812533804895-FINGER.mp4,FINGER
6862442324594495-FINGER.mp4,FINGER
7426465985678312-FINGER.mp4,FINGER
7131946304999996-FINGER.mp4,FINGER
7997056920264738-FINGER.mp4,FINGER
19511824774736541-FINGER.mp4,FINGER
41929710796780184-FINGER.mp4,FINGER
31835717268957353-seedFINGER.mp4,FINGER
5315418020402818-HANDS.mp4,HANDS
31487135960578416-HANDS.mp4,HANDS
4141697998179248-HANDS.mp4,HANDS
3802234939313722-HANDS.mp4,HANDS
13923543055899334-HANDS.mp4,HANDS
6335100605902133-HANDS.mp4,HANDS
04268194927860791-HANDS.mp4,HANDS
6104364113963681-HANDS.mp4,HANDS
7454876674866346-HANDS.mp4,HANDS
24253465795861295-HANDS.mp4,HANDS
46654728425757486-HANDS.mp4,HANDS
7044510285087742-HANDS.mp4,HANDS
09820261529418906-HANDS.mp4,HANDS
6368495873121254-HANDS.mp4,HANDS
739112927091981-HANDS.mp4,HANDS
8005044888557988-seedHANDS.mp4,HANDS
24680684027267863-HEAD.mp4,HEAD
6435251723193283-HEAD.mp4,HEAD
7216744097791985-HEAD.mp4,HEAD
6931138867364373-HEAD.mp4,HEAD
5670994066372224-HEAD.mp4,HEAD
42134820560428166-HEAD.mp4,HEAD
24673566947760395-HEAD.mp4,HEAD
14486467848103057-HEAD.mp4,HEAD
9453054211167886-HEAD.mp4,HEAD
858079173472031-HEAD.mp4,HEAD
3011506857442785-HEAD.mp4,HEAD
708769017680714-HEAD.mp4,HEAD
9516322979360861-HEAD.mp4,HEAD
1434058469566546-HEAD.mp4,HEAD
18306126220160568-HEAD.mp4,HEAD
820003400952684-seedHEAD.mp4,HEAD
4010950296792033-HEADACHE.mp4,HEADACHE
2815153688644392-HEADACHE.mp4,HEADACHE
4514101282825034-HEADACHE.mp4,HEADACHE
9473204841298615-HEADACHE.mp4,HEADACHE
7732577774894489-HEADACHE.mp4,HEADACHE
9100209192348516-HEADACHE.mp4,HEADACHE
3841881479787834-HEADACHE.mp4,HEADACHE
5650649750472552-HEADACHE.mp4,HEADACHE
44015428731677764-HEADACHE.mp4,HEADACHE
5086687886336352-HEADACHE.mp4,HEADACHE
4244698704791745-HEADACHE.mp4,HEADACHE
2703009470194233-HEADACHE.mp4,HEADACHE
379000063492819-HEADACHE.mp4,HEADACHE
5230407957565537-HEADACHE.mp4,HEADACHE
26414046513283496-seedHEADACHE.mp4,HEADACHE
23212278094034589-HEART.mp4,HEART
7603496274244275-HEART.mp4,HEART
09138858212892398-HEART.mp4,HEART
11683121053091816-HEART.mp4,HEART
37499599572243536-HEART.mp4,HEART
14706341928733901-HEART.mp4,HEART
18673852814940028-HEART.mp4,HEART
18683022400716598-HEART.mp4,HEART
7351383524269188-HEART.mp4,HEART
8678060521617403-HEART.mp4,HEART
3241259931265865-HEART.mp4,HEART
8275900619599612-HEART.mp4,HEART
9870485918376521-HEART.mp4,HEART
8814951417833914-HEART.mp4,HEART
3445706660345569-seedHEART.mp4,HEART
8007270485753197-ITCH.mp4,ITCH
6008676750919044-ITCH.mp4,ITCH
6181211052767979-ITCH.mp4,ITCH
3495415241627371-ITCH.mp4,ITCH
9653071536509674-ITCH.mp4,ITCH
5745876622232835-ITCH.mp4,ITCH
9004564088481368-ITCH.mp4,ITCH
6569910334694773-ITCH.mp4,ITCH
7335998853233947-ITCH.mp4,ITCH
012888306018103979-ITCH.mp4,ITCH
30597365791677134-ITCH.mp4,ITCH
5898056270214707-ITCH.mp4,ITCH
9120406069005775-seedITCH.mp4,ITCH
1361388675596844-LUNGS.mp4,LUNGS
5847004858651264-LUNGS.mp4,LUNGS
982114265618838-LUNGS.mp4,LUNGS
03849716397122993-LUNGS.mp4,LUNGS
2960784973349957-LUNGS.mp4,LUNGS
5351840003920145-LUNGS.mp4,LUNGS
725842508167579-LUNGS.mp4,LUNGS
1822908234890963-LUNGS.mp4,LUNGS
5897532389009943-LUNGS.mp4,LUNGS
3156394499603383-LUNGS.mp4,LUNGS
07014496526883707-LUNGS.mp4,LUNGS
7696999663258599-LUNGS.mp4,LUNGS
5064445532351614-LUNGS.mp4,LUNGS
17927180292408784-LUNGS.mp4,LUNGS
6321497764529505-seedLUNGS.mp4,LUNGS
6652814499755777-NOSE.mp4,NOSE
27103930782829466-NOSE.mp4,NOSE
024011464372713398-NOSE.mp4,NOSE
33334259968320534-NOSE.mp4,NOSE
9749846209389852-NOSE.mp4,NOSE
27763818780548877-NOSE.mp4,NOSE
8366576122149043-NOSE.mp4,NOSE
8590037977346539-NOSE.mp4,NOSE
2691787200603868-NOSE.mp4,NOSE
37138484525407467-NOSE.mp4,NOSE
9573594298423673-NOSE.mp4,NOSE
12789189992227112-NOSE.mp4,NOSE
05530025137611427-NOSE.mp4,NOSE
6746586649060085-NOSE.mp4,NOSE
11213721786275399-NOSE.mp4,NOSE
3712619010031373-seedNOSE.mp4,NOSE
27663282260088806-SURGERY.mp4,SURGERY
8619772666245202-SURGERY.mp4,SURGERY
6289218222740656-SURGERY.mp4,SURGERY
5127439613613458-SURGERY.mp4,SURGERY
12043965783730104-SURGERY.mp4,SURGERY
19260392633379397-SURGERY.mp4,SURGERY
9784162742081493-SURGERY.mp4,SURGERY
08747975123169915-SURGERY.mp4,SURGERY
16072718840214373-SURGERY.mp4,SURGERY
14878828035156033-SURGERY.mp4,SURGERY
011099163163671877-SURGERY.mp4,SURGERY
9313162877972903-SURGERY.mp4,SURGERY
07179203478839957-SURGERY.mp4,SURGERY
3131785472994262-seedSURGERY.mp4,SURGERY
1929313766049765-SWEAT.mp4,SWEAT
8766748443830488-SWEAT.mp4,SWEAT
9454609991773371-SWEAT.mp4,SWEAT
32212605834440566-SWEAT.mp4,SWEAT
6112313659389588-SWEAT.mp4,SWEAT
29129560130346843-SWEAT.mp4,SWEAT
6692459785172438-SWEAT.mp4,SWEAT
7925623608833963-SWEAT.mp4,SWEAT
910386878895953-SWEAT.mp4,SWEAT
35455326759088757-SWEAT.mp4,SWEAT
9985987683973114-SWEAT.mp4,SWEAT
06916785652169821-SWEAT.mp4,SWEAT
23333001477217108-SWEAT.mp4,SWEAT
5695959214502808-seedSWEAT.mp4,SWEAT
6310162607184366-VOMIT.mp4,VOMIT
9743801190366586-VOMIT.mp4,VOMIT
0324183392705486-VOMIT.mp4,VOMIT
6528669411369004-VOMIT.mp4,VOMIT
7099496949219644-VOMIT.mp4,VOMIT
6903330227687321-VOMIT.mp4,VOMIT
0002600716749214804-VOMIT.mp4,VOMIT
998134883211403-VOMIT.mp4,VOMIT
7892864187385678-VOMIT.mp4,VOMIT
6403755021602886-VOMIT.mp4,VOMIT
21431778454307815-VOMIT.mp4,VOMIT
47124120223305677-VOMIT.mp4,VOMIT
2929435673912755-VOMIT.mp4,VOMIT
28882276486534475-VOMIT.mp4,VOMIT
5940341269862381-VOMIT.mp4,VOMIT
26212888896264075-VOMIT.mp4,VOMIT
20557718433444094-seedVOMIT.mp4,VOMIT
8193681188551101-ARM.mp4,ARM1
0536903996885747-ARM.mp4,ARM1
38036170844365746-ARM.mp4,ARM1
19352385788982285-ARM.mp4,ARM1
87358456202116-ARM.mp4,ARM1
4514508116934477-ARM.mp4,ARM1
5860397571577944-ARM.mp4,ARM1
342405409229809-ARM.mp4,ARM1
30382614404841557-ARM.mp4,ARM1
13287402533424708-ARM.mp4,ARM1
17994386724507194-ARM.mp4,ARM1
7087770253439132-ARM.mp4,ARM1
1455832806752233-seedARM.mp4,ARM1
893612061993688-ARM 2.mp4,ARM2
46140431722247066-ARM 2.mp4,ARM2
7464288310993847-ARM 2.mp4,ARM2
5648363198357482-ARM 2.mp4,ARM2
5712995193838784-ARM 2.mp4,ARM2
34412803422551264-ARM 2.mp4,ARM2
5086749879832344-ARM 2.mp4,ARM2
7558669315015107-ARM 2.mp4,ARM2
662703939312993-ARM 2.mp4,ARM2
07633341897365775-ARM 2.mp4,ARM2
6006529511521135-ARM 2.mp4,ARM2
30648825864863616-ARM 2.mp4,ARM2
4346350892956996-seedARM 2.mp4,ARM2
13014078898215797-ARM 3.mp4,ARM3
1766551266387144-ARM 3.mp4,ARM3
8503669604822188-ARM 3.mp4,ARM3
8490859524236458-ARM 3.mp4,ARM3
7743834750763563-ARM 3.mp4,ARM3
1703736894296095-ARM 3.mp4,ARM3
8353385242068521-ARM 3.mp4,ARM3
18252662803841702-ARM 3.mp4,ARM3
1535086938572987-ARM 3.mp4,ARM3
3532171049708259-ARM 3.mp4,ARM3
252084110246515-ARM 3.mp4,ARM3
648363559934048-ARM 3.mp4,ARM3
6451133306899228-ARM 3.mp4,ARM3
3875903439603874-ARM 3.mp4,ARM3
5617325649329079-seedARM 3.mp4,ARM3